file,profile,dictionary,source,crop_box,size
recommended_current/marker_prefixed_HanYi.jpg,marker_prefixed,marker_prefixed_HanYi,previously prepared from supplied dictionary test material,see original crop,
recommended_current/edge_visual_regular_XAHDCD.jpg,edge_visual_regular,edge_visual_regular_XAHDCD,previously supplied XAHDCD sample set,see original crop,
recommended_current/cjk_visual_shueisha.jpg,cjk_visual,cjk_visual_shueisha,previously prepared from supplied dictionary test material,see original crop,
recommended_current/cjk_visual_TimesCED.jpg,cjk_visual,cjk_visual_TimesCED,previously prepared from supplied dictionary test material,see original crop,
recommended_current/cjk_visual_XDHYCD.jpg,cjk_visual,cjk_visual_XDHYCD,previously prepared from supplied dictionary test material,see original crop,
recommended_current/cjk_visual_HZYLDZD.jpg,cjk_visual,cjk_visual_HZYLDZD,previously prepared from supplied dictionary test material,see original crop,
recommended_current/numbered_prefix_RUIGO.jpg,numbered_prefix,numbered_prefix_RUIGO,previously prepared from supplied dictionary test material,see original crop,
recommended_current/latin_regular_LDER.jpg,latin_regular,latin_regular_LDER,previously prepared from supplied dictionary test material,see original crop,
recommended_current/latin_regular_NewApproach.jpg,latin_regular,latin_regular_NewApproach,previously prepared from supplied dictionary test material,see original crop,
